﻿{
  "name": "sistema",
  "displayName": "Sistema",
  "version": "1.0.1",
  "description": "Módulo de sistema com funcionalidades integradas",
  "author": "GOR Informatica",
  "category": "system",
  "enabled": true,
  "dependencies": null,
  "menus": [
    {
      "label": "Visão Geral",
      "route": "/modules/sistema/dashboard",
      "icon": "Activity",
      "order": 1
    },
    {
      "label": "Notificações (Modelo)",
      "route": "/modules/sistema/modelNotification",
      "icon": "Bell",
      "order": 2
    },
    {
      "label": "Configurações",
      "route": "/modules/sistema/ajustes",
      "icon": "Settings",
      "order": 3
    }
  ],
  "defaultConfig": {
    "showNotifications": true,
    "enableWidgets": true,
    "maxItems": 50
  }
}